Query,Assessment_url
Find a personality test for hiring managers in retail,https://www.shl.com/products/product-catalog/view/occupational-personality-questionnaire-opq32r/
Find a personality test for hiring managers in retail,https://www.shl.com/products/product-catalog/view/opq-user-and-managers-report/
Find a personality test for hiring managers in retail,https://www.shl.com/products/product-catalog/view/opq-mq-sales-report/
Find a personality test for hiring managers in retail,https://www.shl.com/products/product-catalog/view/opq-manager-plus-report/
Find a personality test for hiring managers in retail,https://www.shl.com/products/product-catalog/view/opq-manager-plus-report-2-0/
Find a personality test for hiring managers in retail,https://www.shl.com/products/product-catalog/view/motivation-questionnaire-mqm5/
Find a personality test for hiring managers in retail,https://www.shl.com/products/product-catalog/view/opq-universal-competency-report-2-0/
Find a personality test for hiring managers in retail,https://www.shl.com/products/product-catalog/view/opq-emotional-intelligence-report/
Find a personality test for hiring managers in retail,https://www.shl.com/products/product-catalog/view/opq-universal-competency-report/
Find a personality test for hiring managers in retail,https://www.shl.com/products/product-catalog/view/opq-maximising-your-learning-report/
I need a technical assessment for Java developers,https://www.shl.com/products/product-catalog/view/java-8-new/
I need a technical assessment for Java developers,https://www.shl.com/products/product-catalog/view/core-java-advanced-level-new/
I need a technical assessment for Java developers,https://www.shl.com/products/product-catalog/view/core-java-entry-level-new/
I need a technical assessment for Java developers,https://www.shl.com/products/product-catalog/view/java-frameworks-new/
I need a technical assessment for Java developers,https://www.shl.com/products/product-catalog/view/java-2-platform-enterprise-edition-1-4-fundamental/
I need a technical assessment for Java developers,https://www.shl.com/products/product-catalog/view/java-design-patterns-new/
I need a technical assessment for Java developers,https://www.shl.com/products/product-catalog/view/java-web-services-new/
I need a technical assessment for Java developers,https://www.shl.com/products/product-catalog/view/java-platform-enterprise-edition-7-java-ee-7/
I need a technical assessment for Java developers,https://www.shl.com/products/product-catalog/view/enterprise-java-beans-new/
I need a technical assessment for Java developers,https://www.shl.com/products/product-catalog/view/javascript-new/
Looking for a quick cognitive test under 20 minutes for high-volume hiring,https://www.shl.com/products/product-catalog/view/verify-numerical-ability/
Looking for a quick cognitive test under 20 minutes for high-volume hiring,https://www.shl.com/products/product-catalog/view/verify-technical-checking-next-generation/
Looking for a quick cognitive test under 20 minutes for high-volume hiring,https://www.shl.com/products/product-catalog/view/verify-verbal-ability-next-generation/
Looking for a quick cognitive test under 20 minutes for high-volume hiring,https://www.shl.com/products/product-catalog/view/verify-deductive-reasoning/
Looking for a quick cognitive test under 20 minutes for high-volume hiring,https://www.shl.com/products/product-catalog/view/shl-verify-interactive-numerical-reasoning/
Looking for a quick cognitive test under 20 minutes for high-volume hiring,https://www.shl.com/products/product-catalog/view/shl-verify-interactive-inductive-reasoning/
Looking for a quick cognitive test under 20 minutes for high-volume hiring,https://www.shl.com/products/product-catalog/view/verify-g-candidate-report/
Looking for a quick cognitive test under 20 minutes for high-volume hiring,https://www.shl.com/products/product-catalog/view/shl-verify-interactive-deductive-reasoning/
Looking for a quick cognitive test under 20 minutes for high-volume hiring,https://www.shl.com/products/product-catalog/view/shl-verify-interactive-numerical-calculation/
Looking for a quick cognitive test under 20 minutes for high-volume hiring,https://www.shl.com/products/product-catalog/view/verify-interactive-process-monitoring/
We need assessment for call center agents with simulation,https://www.shl.com/products/product-catalog/view/contact-center-call-simulation-new/
We need assessment for call center agents with simulation,https://www.shl.com/products/product-catalog/view/customer-service-phone-simulation/
We need assessment for call center agents with simulation,https://www.shl.com/products/product-catalog/view/sales-and-service-phone-simulation/
We need assessment for call center agents with simulation,https://www.shl.com/products/product-catalog/view/customer-service-phone-solution/
We need assessment for call center agents with simulation,https://www.shl.com/products/product-catalog/view/sales-and-service-phone-solution/
We need assessment for call center agents with simulation,https://www.shl.com/products/product-catalog/view/conversational-multichat-simulation/
We need assessment for call center agents with simulation,https://www.shl.com/products/product-catalog/view/retail-sales-and-service-simulation/
We need assessment for call center agents with simulation,https://www.shl.com/products/product-catalog/view/shl-verify-interactive-numerical-reasoning/
We need assessment for call center agents with simulation,https://www.shl.com/products/product-catalog/view/accounts-receivable-simulation-new/
We need assessment for call center agents with simulation,https://www.shl.com/products/product-catalog/view/accounts-payable-simulation-new/
What tests do you have for accounting and finance roles?,https://www.shl.com/products/product-catalog/view/financial-accounting-new/
What tests do you have for accounting and finance roles?,https://www.shl.com/products/product-catalog/view/bookkeeping-accounting-auditing-clerk-short-form/
What tests do you have for accounting and finance roles?,https://www.shl.com/products/product-catalog/view/account-manager-solution/
What tests do you have for accounting and finance roles?,https://www.shl.com/products/product-catalog/view/accounts-payable-new/
What tests do you have for accounting and finance roles?,https://www.shl.com/products/product-catalog/view/bank-collections-agent-short-form/
What tests do you have for accounting and finance roles?,https://www.shl.com/products/product-catalog/view/financial-and-banking-services-new/
What tests do you have for accounting and finance roles?,https://www.shl.com/products/product-catalog/view/accounts-receivable-new/
What tests do you have for accounting and finance roles?,https://www.shl.com/products/product-catalog/view/verify-g/
What tests do you have for accounting and finance roles?,https://www.shl.com/products/product-catalog/view/accounts-payable-simulation-new/
What tests do you have for accounting and finance roles?,https://www.shl.com/products/product-catalog/view/filing-numbers/
Need a comprehensive assessment battery for graduate programs,https://www.shl.com/products/product-catalog/view/apprentice-8-0-job-focused-assessment/
Need a comprehensive assessment battery for graduate programs,https://www.shl.com/products/product-catalog/view/apprentice-8-0-job-focused-assessment-4261/
Need a comprehensive assessment battery for graduate programs,https://www.shl.com/products/product-catalog/view/verify-technical-checking-next-generation/
Need a comprehensive assessment battery for graduate programs,https://www.shl.com/products/product-catalog/view/graduate-scenarios/
Need a comprehensive assessment battery for graduate programs,https://www.shl.com/products/product-catalog/view/graduate-scenarios-profile-report/
Need a comprehensive assessment battery for graduate programs,https://www.shl.com/products/product-catalog/view/verify-working-with-information/
Need a comprehensive assessment battery for graduate programs,https://www.shl.com/products/product-catalog/view/graduate-scenarios-narrative-report/
Need a comprehensive assessment battery for graduate programs,https://www.shl.com/products/product-catalog/view/verify-following-instructions/
Need a comprehensive assessment battery for graduate programs,https://www.shl.com/products/product-catalog/view/verify-numerical-ability/
Need a comprehensive assessment battery for graduate programs,https://www.shl.com/products/product-catalog/view/verify-general-ability-screen/
Looking for remote-friendly assessments for project managers,https://www.shl.com/products/product-catalog/view/project-management-2013/
Looking for remote-friendly assessments for project managers,https://www.shl.com/products/product-catalog/view/assessment-and-development-center-exercises/
Looking for remote-friendly assessments for project managers,https://www.shl.com/products/product-catalog/view/smart-interview-live/
Looking for remote-friendly assessments for project managers,https://www.shl.com/products/product-catalog/view/digital-readiness-development-report/
Looking for remote-friendly assessments for project managers,https://www.shl.com/products/product-catalog/view/remoteworkq-manager-report/
Looking for remote-friendly assessments for project managers,https://www.shl.com/products/product-catalog/view/remoteworkq/
Looking for remote-friendly assessments for project managers,https://www.shl.com/products/product-catalog/view/remoteworkq-participant-report/
Looking for remote-friendly assessments for project managers,https://www.shl.com/products/product-catalog/view/account-manager-solution/
Looking for remote-friendly assessments for project managers,https://www.shl.com/products/product-catalog/view/opq-user-and-managers-report/
Looking for remote-friendly assessments for project managers,https://www.shl.com/products/product-catalog/view/virtual-assessment-and-development-centers/
We want adaptive tests for measuring numerical reasoning,https://www.shl.com/products/product-catalog/view/verify-numerical-ability/
We want adaptive tests for measuring numerical reasoning,https://www.shl.com/products/product-catalog/view/shl-verify-interactive-numerical-calculation/
We want adaptive tests for measuring numerical reasoning,https://www.shl.com/products/product-catalog/view/business-communication-adaptive/
We want adaptive tests for measuring numerical reasoning,https://www.shl.com/products/product-catalog/view/shl-verify-interactive-numerical-reasoning/
We want adaptive tests for measuring numerical reasoning,https://www.shl.com/products/product-catalog/view/microsoft-outlook-2013-adaptive/
We want adaptive tests for measuring numerical reasoning,https://www.shl.com/products/product-catalog/view/verify-g/
We want adaptive tests for measuring numerical reasoning,https://www.shl.com/products/product-catalog/view/interpersonal-communications/
We want adaptive tests for measuring numerical reasoning,https://www.shl.com/products/product-catalog/view/verify-verbal-ability-next-generation/
We want adaptive tests for measuring numerical reasoning,https://www.shl.com/products/product-catalog/view/time-management-u-s/
We want adaptive tests for measuring numerical reasoning,https://www.shl.com/products/product-catalog/view/shl-verify-interactive-deductive-reasoning/
Need behavioral assessments for team leader positions,https://www.shl.com/products/product-catalog/view/opq-team-types-and-leadership-styles-profile/
Need behavioral assessments for team leader positions,https://www.shl.com/products/product-catalog/view/opq-team-types-and-leadership-styles-report/
Need behavioral assessments for team leader positions,https://www.shl.com/products/product-catalog/view/opq-leadership-report/
Need behavioral assessments for team leader positions,https://www.shl.com/products/product-catalog/view/opq-universal-competency-report-2-0/
Need behavioral assessments for team leader positions,https://www.shl.com/products/product-catalog/view/opq-universal-competency-report/
Need behavioral assessments for team leader positions,https://www.shl.com/products/product-catalog/view/occupational-personality-questionnaire-opq32r/
Need behavioral assessments for team leader positions,https://www.shl.com/products/product-catalog/view/opq-team-impact-individual-development-report/
Need behavioral assessments for team leader positions,https://www.shl.com/products/product-catalog/view/opq-premium-plus-report/
Need behavioral assessments for team leader positions,https://www.shl.com/products/product-catalog/view/opq-premium-plus-report-2-0/
Need behavioral assessments for team leader positions,https://www.shl.com/products/product-catalog/view/opq-team-impact-selection-report/
